,title,company,location,salary,description
0,Snr Flutter Developer,Green Packet International Sdn Bhd,Selangor,,"Job Responsibilities:

Designs, develops, and provides customization of various…"
1,Flutter Developer (Mobile Application),Chargeplus Sdn Bhd,Kuala Lumpur,"RM 6,000 - RM 7,999 a month","You are here not just to code, but also to contribute to business growth initiatives, collaborate with cross-border teams and come up with new tech solutions to…"
2,Flutter Mobile Engineer,Techtiera,Kuala Lumpur,"RM 2,977 - RM 10,358 a month","Build new and key features for Setel on our Flutter codebase by working closely with the Product Managers, design teams and backend team."
3,Flutter Developer,Snaphunt,Kuala Lumpur,,"The OfferOpportunity within an award-winning people development solutions firmBe involved in developing high-impact products Work in a fast-paced, startup…"
4,Junior/Senior Software Tester,vimigo,Kuala Lumpur•Temporarily Remote,"RM 3,000 - RM 6,000 a month","As a Unit Software Tester, you will play an instrumental role in fueling Company’s growth through providing timely solutions to execute all levels of testing …"
5,Mobile App Developer,QuickDesk,Malaysia,,"You will be working on our mobile applications (iOS and/or Android);
Develop user-facing features for the mobile applications;"
6,Internship for Computer IT (Web Programmer),Dideta Multitech Sdn Bhd,Pasir Puteh,"RM 1,200 a month",Testing and de-bugging to make sure our platform runs smoothly Data processing and analysis Exposure to cloud technologies Requirements: Candidate must possess…
7,PHP Developer,Tele-Temps Sdn Bhd,Kuala Lumpur+1 location,"RM 6,000 - RM 7,999 a month","Minimum Requirement: PHP Devloper Have experience working with 1 PHP MVC framework like Laravel, Yii, CI and willing to convert to Laravel."
8,Programmer,TBS Solutions Sdn Bhd,Penang,"RM 2,500 - RM 5,000 a month","At least 2 year(s) experiences in WEB or Mobile APPS (either iOS or Android) development.
Candidate must possess at least a Bachelor's Degree, Post Graduate…"
9,Software Engineer,Wemabox Solutions Sdn. Bhd.,Ipoh,"RM 3,000 - RM 3,499 a month","Job Description Software Engineer is responsible to design and implement system, feature, and solutions business needs."
10,Flutter Developer,Brandt International Sdn Bhd,Kuala Lumpur,"RM 6,000 a month",Develop state of the art highly interactive and rich animation experience for mobile and desktop app using Flutter.
11,Internship 2022 - IT/Computer Science/Software Engineering,GNey Software Sdn Bhd,Masai,,View all GNey Software Sdn Bhd jobs - Masai jobsSalary Search: Internship 2022 - IT/Computer Science/Software Engineering salaries
12,Software Developer,WELORY INNOVATION SDN BHD,Kota Damansara•Remote,"RM 2,500 - RM 3,500 a month","Develop, enhance and test customised software and mobile apps to meet the requirements.
Participates in the entire software development cycle."
13,Web Front-End / Mobile Application Developer (Flutter),atQuest Solutions,Kuala Lumpur,,"Creates next generation mobile application for iOS and Android devices.
Responsible for the development, testing, release and support of the application’s…"
14,Mobile Developer (Flutter),Hays,Malaysia,,"You will be working with a team to develop and maintain high quality mobile applications.
You will design, develop, and improvise mobile applications using…"
15,Software Developer,WELORY INNOVATION SDN BHD,Kota Damansara•Remote,"RM 2,500 - RM 3,500 a month","Develop, enhance and test customised software and mobile apps to meet the requirements.
Participates in the entire software development cycle."
16,Web Front-End / Mobile Application Developer (Flutter),atQuest Solutions,Kuala Lumpur,,"Creates next generation mobile application for iOS and Android devices.
Responsible for the development, testing, release and support of the application’s…"
17,Software Developer,Pingspace Sdn. Bhd.,Bayan Lepas•Temporarily Remote,"RM 3,500 a month","Our Software Developers work on a range of problems: from the backend (designing database, designing operation optimization algorithms, designing communication…"
18,Unity Developer,Hays,Malaysia,"RM 7,000 - RM 10,000 a month","You would be responsible for developing interactive experiences such as Augmented Reality & Virtual Reality, be it on any platform events, kiosks, mobile,…"
19,Mobile Developer (Flutter),Hays,Malaysia,,"You will be working with a team to develop and maintain high quality mobile applications.
You will design, develop, and improvise mobile applications using…"
20,Software Developer,MAXUNITY TECHNOLOGY SDN BHD,Puchong,"RM 3,000 - RM 5,000 a month","Candidate must possess at least Diploma/Advanced/Higher/Graduate Diploma, Bachelor's Degree/Post-Graduate Diploma/Professional Degree in Engineering (Computer…"
21,Android Developer 1,Sicpa,Malaysia,,"Work on defining and implementing nextWork on defining and implementing next-generation, innovative architecture for Android mobile application."
22,Flutter Developer,BEEDUCATION ADVENTURES SDN BHD,Subang Jaya,,"Within defined quality and performance standards.
Participate throughout the SDLC, including analysis, design, development, testing, integration, deployment and…"
23,Developer Computer Science Intern (6 months),Mysuri Biz Technologies Sdn Bhd,Cyberjaya,"RM 1,200 a week","Stack : HTML CSS JavaScript jQuery - Good to have basic knowledge in back-end framework like laravel / nodejs, but not compulsory - Fresh grad is encouraged to…"
24,Flutter Developer,ACD Development Sdn. Bhd,Subang Jaya,,"Within defined quality and performance standards.
Participate throughout the SDLC, including analysis, design, development, testing, integration, deployment and…"
25,Flutter Developer,Hays,Malaysia,"RM 8,000 a month","In this team, you will be working closely with the developers, Project Managers, Solution Architect and other members of the project team."
26,Python Developer,Coreil Consulting,Kuala Lumpur,"RM 2,800 - RM 3,000 a month","It is also better if the candidate had experience in both web and mobile development.*.
As a developer, you will be responsible for designing and develop Python…"
27,Flutter Developer,GetEat,Klang,"RM 5,000 - RM 9,000 a month","You will interact with talented stakeholders and learn cutting-edge technologies.
Publishing apps on to App Store.
Publishing apps on to Google Play."
28,Software Developer,Get Hyred Sdn.Bhd,Petaling Jaya,"RM 2,500 - RM 2,999 a month","Our main tools now will be nodejs, angular, react native, firebase and git.
2 to 3 years experience minimum, experienced in developing using c#, java, kotlin,…"
29,Web & Apps Developer,BLUEDALE INTEGRATED (M) SDN. BHD.,Petaling Jaya,,"Responsible for designing, coding and modifying websites, from layout to function.
Strive to create visually appealing sites that feature user-friendly design…"
30,Junior Software Engineer,RedSquare Technologies Sdn Bhd,Kuala Lumpur•Remote,"RM 3,500 - RM 5,001 a month","Mobile applications: Java, Kotlin, Swift, JavaScript (React Native), Dart (Flutter).
Degree in Computer Science or Information Technology or any similar…"
31,Mobile Application Developer,Innovatz Solutions Private Limited,Kuala Lumpur,,"Diploma/Degree in Information & Technology(IT), Software Engineering, Computer Science or a related field or equivalent practical experience."
32,"Full Stack Web Application Developer @ Butterworth, Penang",PERSOLKELLY,George Town,"RM 2,500 - RM 3,500 a month","Developing back end website applications.
Ensuring cross-platform optimization for mobile phones.
Working alongside graphic designers for web design features."
33,Software Engineer,Motorola Solutions,Penang,,And in everyday moments — when a package arrives just in time for the holiday or when a child doesn’t miss the school bus home.
34,Full Stack Web Application Developer,BLUEWARE MALAYSIA SDN BHD,Butterworth,,"Designing user interactions on web pages.
Developing back end website applications.
Creating servers and databases for functionality."
35,Mobile Developer,Tamarix Onesolutions Sdn Bhd,Cyberjaya,"RM 4,000 - RM 7,000 a month","✅ Familiar with flutter framework (Added Advantage).
✅ Transform business requirement into mobile apps.
✅ Experienced in IOS and Android Developments."
36,Software Engineer,FEEDME POS SDN BHD,Johor Bahru,"RM 4,000 - RM 4,999 a month","Join our young and innovative product team and start to deliver high-quality software to South East Asia.
Our Perks: EPF, SOCSO, EIS Various allowance Annual…"
37,Android Mobile Engineer,Techtiera,Kuala Lumpur,"RM 3,448 - RM 10,357 a month","Build new and key features for Setel on Android by working closely with the Product Managers, design teams and backend team.
Job Types: Full-time, Permanent."
38,Software Engineer,World Syntecjh Solution Sdn Bhd,Bukit Mertajam,"RM 2,000 - RM 2,499 a month","Responsibilities - Developing, design, testing, and implementation for web and software application project - Develop technical and user documentation."
39,3D/Web GL Developer,Brandt International Sdn Bhd,Kuala Lumpur,"RM 7,000 a month","Design to scale from phones to tablets to desktop monitors.
Create AI-powered interactive 3D assets using WebGL, three.js or new web 3d framework/library."
40,Software Engineer II,AirAsia,Kuala Lumpur+1 location,,"The technology center comprises a team of software engineering and technology experts based in Malaysia, Bangalore, and Singapore, who would work to streamline…"
41,Mobile Engineer - Flutter (Remote possible),Glints,Kuala Lumpur•Remote,,"Glints engineers are product-driven, with the customers as the starting point.
We also invest in good developer experience, and set aside time to manage…"
42,Software Developer (PHP),Nuren Group,Malaysia,,"Work in a team of full stack developers and UI/UX designers.
Develop robust, reliable & high traffic internet application (back-end, front-end, mobile)."
43,3D/Web GL Developer,Brandt International Sdn Bhd,Kuala Lumpur,"RM 7,000 a month","Design to scale from phones to tablets to desktop monitors.
Create AI-powered interactive 3D assets using WebGL, three.js or new web 3d framework/library."
44,Senior Frontend Developer,vimigo Technologies,Kuala Lumpur•Temporarily Remote,"RM 4,000 - RM 8,000 a month","We are looking for experienced talents in the area of web platforms, web architectures, coding standards, databases, AI technology and mobile apps."
45,Junior/Senior Software Engineer (软件工程师),DD Online Services & Enterprise,Johor Bahru,"RM 3,000 - RM 10,000 a month","Accommodation provided for non-Johorian.
Travel leaves with air ticket allowance.
Annual leave and sick leave.
Develop and deliver features in a timely matter."
46,System Analyst / Analyst Programmer,Subur Tiasa Holdings Berhad,Sibu,,"Job Responsibility:To play a proactive role in deriving system solutions to any given business requirement or problem To design, develop, integrate, test,…"
47,Senior Java Developer,AMK Solutions Pvt Ltd,Kuala Lumpur,"RM 9,000 a month","The Developer plays a key role in building and developing software and systems as part of IT Delivery & Execution capability, within The IT Operating Model."
48,Junior Mobile App Developer,NEUROGINE SDN BHD,Petaling Jaya,"RM 3,000 - RM 3,499 a month",Responsibilities Design & implement new app modules based on the product requirements using Flutter framework Maintain existing codebases Build reusable code…
49,Mobile Application Developer (Cross Platform),Whip Technology Sdn Bhd,Damansara Utama•Temporarily Remote,"RM 2,200 - RM 2,500 a month","Develop intuitive and user friendly cross platform application for mobile and tablet devices,.
Support entire application lifecycle (concept, design, test,…"
50,Mobile Software Engineer - iOS,Sicpa,Malaysia,,"Work on defining and implementing next-generation, innovative architecture for iOS mobile application.
Apply mobile application architecture principles, such as…"
51,Mobile Application Developer,INNOVATZ SOLUTIONS SDN BHD,Kuala Lumpur,"RM 13,000 - RM 15,999 a year","Responsibility : • Develop mobile applications using React Native framework/Expo • Participate in the entire product’s lifecycle (analyze, develop, test,…"
52,Software Developer,EV-Dynamic Sdn Bhd,Putra Heights,"RM 2,500 - RM 2,700 a month","Troubleshooting, debugging, and fixing errors, improve the performance or upgrade interfaces.
Responsible to produce clean and efficient code based on…"
53,Software Programmer,ACCOUNTSOFT ENTERPRISE SDN BHD,Kuching,"RM 1,500 - RM 1,999 a month","Responsibility: - Analyze, design and develop Mobile Application.
Diagnosing issues and performing bug fix or software maintenance."
54,Mobile Application Developer,Innovatz Solutions Sdn. Bhd,Subang Jaya,"RM 10,765 - RM 12,500 a month","Develop mobile applications using React Native framework/Expo.
Participate in the entire product’s lifecycle (analyze, develop, test, release, support)."
55,Mobile Developer,Razer USA Ltd.,Kuala Lumpur•Remote,,"Work closely with product management and design teams to develop cross platforms mobile applications.
Integrate with back-end services to enable new features."
56,Mobile App Developer (PJ area/Up to 6k/MS SQL),Agensi Pekerjaan Times Management Consultancy Sdn...,Ara Damansara,"RM 3,000 - RM 6,000 a month","Developing customized solutions for the mobile platform.
Designing, coding, and implementing mobile applications.
Stay up-to-date with new technology trends."
57,.NET Developer,AFIC Solutions,Kuala Lumpur,"RM 3,000 - RM 8,000 a month","Mobile* : Flutter, BLOC, Micro-service implementation.
Database* : SQL (Microsoft SQL Server / MySQL Server); Excellent knowledge of Relational Databases."
58,UI/UX Designer + Developer,Brandt International Sdn Bhd,Kuala Lumpur,"RM 7,000 a month","Design to scale from phones to tablets to desktop monitors.
Create wireframes, mockups and prototypes for our analytic product."
59,PHP developer,Agensi Pekerjaan Synopsis Sdn Bnd,Cyberjaya,"RM 4,000 - RM 4,999 a month",Requirements: ✅ Have extensive knowledge in exploring API and UI standards ✅ Familiar with php/laravel framework ✅ Familiar with flutter framework (Added…
60,Mobile App Developer (Flutter),SOFAX SDN BHD,Bandar Sunway,"RM 5,000 - RM 8,000 a month","Responsible in creating and enhance new features of existing and upcoming project.
Work closely with the project team for in-house application."
61,Software Developer,Skylink Pacific Solutions Sdn Bhd,Kuala Lumpur•Temporarily Remote,"RM 5,000 - RM 7,000 a month","Develop native Android mobile applications and web applications.
Understanding user requirements and provide options for improvised technical solution."
62,Software Programmer,ACCOUNTSOFT ENTERPRISE SDN BHD,Kuching,"RM 1,500 - RM 1,999 a month","Responsibility: - Analyze, design and develop Mobile Application.
Diagnosing issues and performing bug fix or software maintenance."
63,Mobile Application Developer,Nss It Solution Sdh Bhd,Cyberjaya,"RM 6,000 - RM 7,999 a month",Develop mobile Android and iOS applications • Applicant can possess one or more the following skill set: - Develop iOS application using Swift and/or Obj-C -…
64,Android Developer,Archisoft Global Sdn Bhd,Cyberjaya,,"Apply mobile application architecture principles, such as process flow, wireframes and visual mock-ups.
Apply outstanding mobile software engineering practices."
65,Full Stack Developer,IMT Tech Sdn Bhd,Kuala Lumpur,"RM 6,000 - RM 8,000 a month","Have experience working with 1 PHP MVC framework like Laravel, Yii, CI and willing to convert to Laravel.
Have experience and passion for Front-end Development…"
66,PHP Developer,Tele-Temps,Kuala Lumpur,"RM 5,000 - RM 13,000 a month","Have experience working with 1 PHP MVC framework like Laravel, Yii, CI and willing to convert to Laravel.
Have experience and passion for Front-end Development…"
67,iOS Developer,Snaphunt,Johor Bahru,,"Transferring existing iOS application to React Native Platform.
Writing well-designed, testable and efficient code.
You possess strong knowledge of IOS, ASP."
68,SOFTWARE ENGINEER,JAC Malaysia,Johor,"RM 4,000 - RM 5,000 a month","Business Nature : Smart Building Facility Management Solutions Provider.
Salary Range : RM3k – 4k (Depending experience)."
69,"Manager, Operations Solutions",Skylink Pacific Solutions Sdn Bhd,Kuala Lumpur,,Job Responsibilities • Oversee operations solutions’ development and implementation of projects that contribute to the improvement and standardization of the…
70,SOFTWARE ENGINEER,JAC Malaysia,Johor,"RM 4,000 - RM 5,000 a month","Business Nature : Smart Building Facility Management Solutions Provider.
Salary Range : RM3k – 4k (Depending experience)."
71,"Manager, Operations Solutions",Skylink Pacific Solutions Sdn Bhd,Kuala Lumpur,,Job Responsibilities • Oversee operations solutions’ development and implementation of projects that contribute to the improvement and standardization of the…
72,Software Engineer/ Developer,IME Group of Companies,Petaling Jaya,"RM 2,800 a month",Carry out software programming and coding for Enterprise/Business Solutions according to specifications within specified timeline.
73,Front-end Developer,Big Corridor Sdn Bhd,Selangor,"RM 4,000 - RM 7,000 a month","Translate designs and mock-ups into front-end code.
Perform integrations between front-end and back-end interfaces.
Resolve bottlenecks, and software bugs."
74,Front-End Developer (Web and Mobile),onCloud Technologies Sdn Bhd,Kuala Lumpur,,"Design, build and maintain high performance, reusable, responsive and reliable code and libraries.
Enhance application for maximum speed and scalability for…"
75,Full-Stack Developer,AFIC Solutions,Kuala Lumpur,"RM 3,000 - RM 8,000 a month","Mobile: *Flutter, BLOC, Micro-service implementation.
Database: *SQL (Microsoft SQL Server / MySQL Server);
Good knowledge of Relational Databases."
76,Software Engineer / Web Developer,EasyStore Commerce Sdn Bhd,Puchong•Temporarily Remote,,"Manage codes in multiple server environment.
Optimize codes for high volume transaction.
Research on new technologies (a better and easier way to solve the same…"
77,Full Stack Web Application Developer,allstaff.com.my,Kedah,"RM 4,000 - RM 5,500 a month","Bachelor's Degree in Computer Science or equivalent.
1 to 3 years of software development experience.
Fresh Graduates are welcome to apply."
78,Full Stack Developer,Brandt International Sdn Bhd,Kuala Lumpur,"RM 7,000 a month","Design and implement responsive web & mobile applications from front to back using popular open source frameworks like MEAN, Ionic and Swagger."
79,Mobile App Developer Intern,Tinkerve LLP,Kuala Lumpur,RM 500 - RM 800 a week,"The role works collaboratively with Business Analysts, Backend developers and release management to develop new and exciting mobile applications."
80,Flutter Developer,EPS Malaysia,Kuala Lumpur,,View all EPS Malaysia jobs - Kuala Lumpur jobsSalary Search: Flutter Developer salaries in Kuala Lumpur
81,Solution Architect,atQuest Solutions,Kuala Lumpur,,The Solution Architect role is responsible to develop the solution blueprint and implement systems architecture with the best possible technologies to meet the…
82,Senior Software Developer,Plus Xnergy,Bukit Jalil,"RM 4,604 - RM 11,276 a month",Work in full stack development from micro services architecture which interconnect all services to create an optimum system to building in-house dashboard…
83,Head of Operations,JaGaApp,Petaling Jaya,"RM 5,000 - RM 9,000 a month","Oversee the operation team to meet business targets and to provide great onboarding experience to our customers.
Excellent oral and written command of English."
84,Senior Mobile App Engineer,SKYMIND HOLDINGS BERHAD,Penang,,Job Description for Senior Mobile App Engineer: - Participate in design and developing of mobile user interface in collaboration with UI/UX team and backend…
85,Mobile App Developer,MOMENTUM INTERNET SDN. BHD.,Kluang,,"Mengoptimize code, identify dan fix problem 4.
Kemahiran (DART, UI,UX, FLUTTER FRAMEWORK) Syarat Kelayakan : 1.
Berumur 22 - 30 Tahun dan sihat tubuh badan 6."
86,PHP developer,Agensi Pekerjaan Synopsis Sdn Bnd,Cyberjaya,"RM 4,000 - RM 4,999 a month",Requirements: ✅ Have extensive knowledge in exploring API and UI standards ✅ Familiar with php/laravel framework ✅ Familiar with flutter framework (Added…
87,Android Developer,Archisoft Global Sdn Bhd,Cyberjaya,,"Apply mobile application architecture principles, such as process flow, wireframes and visual mock-ups.
Apply outstanding mobile software engineering practices."
88,Mobile Application Developer,Nss It Solution Sdh Bhd,Cyberjaya,"RM 6,000 - RM 7,999 a month",Develop mobile Android and iOS applications • Applicant can possess one or more the following skill set: - Develop iOS application using Swift and/or Obj-C -…
89,"Manager, Operations Solutions",Skylink Pacific Solutions Sdn Bhd,Kuala Lumpur,,Job Responsibilities • Oversee operations solutions’ development and implementation of projects that contribute to the improvement and standardization of the…
90,Mobile App Developer (PJ area/Up to 6k/MS SQL),Agensi Pekerjaan Times Management Consultancy Sdn...,Ara Damansara,"RM 3,000 - RM 6,000 a month","Developing customized solutions for the mobile platform.
Designing, coding, and implementing mobile applications.
Stay up-to-date with new technology trends."
91,Software Developer,Skylink Pacific Solutions Sdn Bhd,Kuala Lumpur•Temporarily Remote,"RM 5,000 - RM 7,000 a month","Develop native Android mobile applications and web applications.
Understanding user requirements and provide options for improvised technical solution."
92,Mobile App Developer (Flutter),SOFAX SDN BHD,Bandar Sunway,"RM 5,000 - RM 8,000 a month","Responsible in creating and enhance new features of existing and upcoming project.
Work closely with the project team for in-house application."
93,UI/UX Designer + Developer,Brandt International Sdn Bhd,Kuala Lumpur,"RM 7,000 a month","Design to scale from phones to tablets to desktop monitors.
Create wireframes, mockups and prototypes for our analytic product."
94,iOS Developer,Snaphunt,Johor Bahru,,"Transferring existing iOS application to React Native Platform.
Writing well-designed, testable and efficient code.
You possess strong knowledge of IOS, ASP."
95,Web Application Developer (Front End/ Full Stack),MHub,Subang Jaya,"RM 4,000 - RM 8,000 a month","Write well designed, testable, efficient code by using best software development practices.
Integrate data from various back-end services and databases."
96,Senior Software Engineer,AirAsia,Kuala Lumpur+1 location,,"The technology center comprises a team of software engineering and technology experts based in Malaysia, Bangalore, and Singapore, who would work to streamline…"
97,Mobile Software Engineer (React Native),Excard Corporation Sdn Bhd,Kedah•Remote,"RM 3,800 - RM 5,000 a month","Design, code and maintain mobile apps, from layout to function and according to a client's specifications.
Continue to innovate and improve our existing mobile…"
98,Senior Software Engineer,FUSIONQB SDN BHD,Bangsar South,"RM 6,500 - RM 12,000 a month","Build prototypes for presentation and demonstration.
Liaise with the senior executives and project sponsors for project requirements and deliverables."
99,Mobile Apps Developer (Full-stack),Mysuri Biz Technologies Sdn Bhd,Cyberjaya,,Stack : HTML CSS JavaScript jQuery - Understands Repository Design Pattern - Able to write fully-functional API codes - Good to have basic knowledge in back-end…
100,Mobile App Developer,QuickDesk Sdn Bhd,Kuala Lumpur,"RM 3,000 - RM 6,000 a month","You will be working on our mobile applications (iOS and/or Android);
Develop user-facing features for the mobile applications;"
101,Frontend Developer,Fast Hiring Jobs - part of Hiredly team,Bandar Kinrara,"RM 6,500 - RM 8,500 a month","Build reusable code and libraries for various projects.
Collaborate with other developers, designers, and architects to meet application requirements and…"
102,Jr/Sr Unit Software Tester,vimigo,Cheras,"RM 800 - RM 1,200 a month","As a Unit Software Tester, you will play an instrumental role in fueling Company’s growth through providing timely solutions to execute all levels of testing …"
103,Junior/ Senior Front End Developer,vimigo,Kuala Lumpur•Remote,"RM 3,000 - RM 7,000 a month","We are looking for experienced talents in the area of web platforms, web architectures, coding standard, databases, AI technology and mobile apps."
104,Mobile / Web Developer,Plant Cartridge Sdn Bhd,Bandar Sunway,"RM 4,000 - RM 6,000 a month","Bachelor’s Degree / Diploma / Certificate in computer science or any related field.
At least one to three years of solid working experience in Mobile/Web…"
105,Web Developer,Mama Net,Petaling Jaya,"RM 2,500 - RM 3,500 a month","To work on the current platforms enhancements and new features to be adopted on web applications, database and API Accurately translate user and business needs…"
106,Mobile App Developer,TillJannah Sdn. Bhd.,Gombak,"RM 2,000 - RM 6,000 a month","Must possess at least 3 years of experience in developing mobile app, either Android or iOS.
Good communication skills in Bahasa Melayu and English."
107,Mid-level / Senior JavaScript Developer,Lava X Technologies,Puchong,"RM 4,000 - RM 8,000 a month",Collaborate with product management to translate product requirements to system-level architecture and high-level design that can be reused across multiple…
108,Senior Software Developer / Engineer,SECURE365 NEXTGEN SOLUTIONS SDN BHD,Kuala Lumpur,"RM 4,000 - RM 6,000 a month","Work closely with the technical lead in collecting and documenting user's requirements, development of user stories, timeline and effort estimation."
109,Software Engineer,Auronex Sdn Bhd,Klang,"RM 3,000 - RM 8,000 a month","You’re data-driven and comfortable with basic statistical principles.
NodeJS (ExpressJS) / Python(DJango) / Go / Flutter."
110,Front End Developer,Versa Asia,Kuala Lumpur,"RM 6,000 - RM 16,000 a month",We are looking for a strong front end mobile and web app developer who welcomes both engineering and maintenance tasks.
111,Flutter Mobile Developer,Randstad,Kuala Lumpur,"RM 4,000 - RM 10,000 a month","Participate in the deployment of system including user requirement scoping, design, coding, testing, and implementation."
112,Mobile App Developer,Cloone Corporation,Ara Damansara,"RM 2,500 - RM 6,000 a month","Work closely with customers, analysts, and team members to understand business requirements that drive the analysis and design of quality technical solutions."
113,Fullstack developer,Cargo Move,Ara Damansara,"RM 3,800 - RM 5,000 a month","Work with development teams and product managers to ideate software solutions.
Design client-side and server-side architecture."
114,MOBILE DEVELOPER,Unixus Solutions,Shah Alam,,"Implement and maintain our mobile applications.
Designing and consuming APIs in mobile applications.
Design client & server (mobile) application structure and…"
115,Fullstack Developer,Fast Hiring Jobs - part of Hiredly team,Bandar Kinrara,"RM 6,500 - RM 8,500 a month","Design and develop our front-end application using ReactJS.
Be involved in the entire product development process from conception, design, coding (back-end code…"
116,Front End Software Developer,SECURE365 NEXTGEN SOLUTIONS SDN BHD,Kuala Lumpur,"RM 3,500 - RM 5,500 a month","Work closely with the technical lead in collecting and documenting user's requirements, development of user stories, timeline and effort estimation."
117,Full Stack JavaScript Developer,BEEDUCATION ADVENTURES SDN BHD,Subang Jaya,,"As a Full Stack JavaScript developer, you’ll collaborate with internal teams to develop functional applications, while working in a fast-paced environment."
118,Mobile Apps Developer (IOS/ Android/ Flutter),IY Staffing Group,Klang,"RM 3,000 - RM 5,000 a month","This is a full time permanent position.
Medical Claims, Medical Insurance, Medical Leaves, Annual Leaves, Monthly Allowances, Annual Bonus, Company Trips and…"
119,PHP Programmer,Tornado Internet Sdn Bhd,Puchong,"RM 2,200 - RM 6,000 a month","And from ""Toe"" to ""Head"" to manage.
Required language(s): English and Mandarin(must be able to read,write and speak Mandarin)."
120,Software Developer (PHP Full Stack),Enlinea Sdn Bhd,Petaling Jaya,,"Develop robust, reliable & high traffic internet application (back-end, front-end, mobile).
Maintain and constantly optimize system, process and user experience…"
121,Fullstack Developer,CareerMaster Sdn Bhd,Kuala Lumpur,"RM 6,000 a month","Responsible for building world-class applications together with our highly collaborative teams.
Design, develop and manage the company Java-based applications."
122,"Mobile Application Developer I 5 days I Up to SGD6,000",Agensi Pekerjaan Nala Sdn Bhd,Johor Bahru,, Familiar with NoSQL and/or cloud database (Cloud Firestore or MongoDB) and experience with flutter Programming language.
123,Software Developer,SCIKEY,Kuala Lumpur,,"Delivery & Execution capability, within the IT Operating Model.
The Software Developer is expected to manage the software building and system development."
124,IOS Developer,Capgemini Services Malaysia Sdn Bhd,Kuala Lumpur,,"You should have a strong knowledge of iOS frameworks and proficiency in Objective-C.
If you have knowledge of iOS patterns and practices and are passionate…"
125,IOS Developer,Capgemini Services Malaysia Sdn Bhd,Kuala Lumpur,,"You should have a strong knowledge of iOS frameworks and proficiency in Objective-C.
If you have knowledge of iOS patterns and practices and are passionate…"
126,Full Stack JaveScript Developer,ACD Development Sdn. Bhd,Subang Jaya,,"As a Full Stack JavaScript developer, you’ll collaborate with internal teams to develop functional applications, while working in a fast-paced environment."
127,Software Engineer / Web Developer,EasyStore,Puchong,"RM 4,000 - RM 8,000 a month","Manage codes in multiple server environment.
Optimize codes for high volume transaction.
Love to solve problems with coding."
128,Senior App Developer,AccVen Sdn Bhd,Damansara Utama,"RM 5,000 - RM 8,000 a month","Develop new and complete modules, and then enhance existing modules of existing product architecture.
Fully execute user testing on the modules."
129,Software Developer (Frontend),SCIKEY,Kuala Lumpur,,"Manage the development of software programs and IT systems according to detailed.
Technical specifications using quality processes, tools and methodologies."
130,Senior Engineer/Engineer R&D,Carsome,Petaling Jaya,,"The Senior R&D Engineer will focus more on exploring new technologies, framework, or platform for upcoming projects."
131,Android Mobile Software Engineer,Ingenious Job,Cyberjaya,"RM 7,000 - RM 14,000 a month","BS degree in Computer Science or related field.
Minimum 5 yearsâ€™ experience in mobile development (Android).
Skilled in automated unit and UI testing ."
132,Android Developer,SCIKEY,Kuala Lumpur,,"To this end, the Android Developer's Responsibilities include writing and proofreading code, liaising with coworkers within and outside of their department, and…"
133,Android Software Engineer,EPS Malaysia,Cyberjaya,,"Work on defining and implementing next generation, innovative architecture for Android mobile application.
Apply state of the art automated testing practices …"
134,Senior Software Engineer,Motorola Solutions,Penang,,And in everyday moments — when a package arrives just in time for the holiday or when a child doesn’t miss the school bus home.
135,Senior Android Developer,LCP Buildsoft Technology (M) Sdn Bhd,Klang,"RM 3,500 - RM 7,000 a month","Design, develop, integrate third-party components, test, install, and support.
Build new product features on server and client side."
136,Software Developer (Flutter Experience)-Mandarin Speaker Pre...,Two95 International Inc.,Selangor,"RM 3,000 - RM 6,500 a month","Design, implement & manage apps that can scale and serve millions of users.
Design and implement RESTful and GraphQL API."
137,Software Developer/Programmer,FUSIONQB SDN BHD,Bangsar South,"RM 3,500 - RM 8,000 a month","Build prototypes for presentation and demonstration.
Liaise with the senior executives and project sponsors for project requirements and deliverables."
138,"Lead, QA",Career Channel,Petaling Jaya,,"Serves as the QA Team Lead, responsible for Test Automation.
Lead approximately 4 QA, negotiate scope, develop estimates, plans, monitoring metrics, and provide…"
139,Fullstack Developer & Programmer,V.NET Computer Services Sdn. Bhd,Seri Kembangan•Remote,,"Benefits (Employer-paid health and dental insurance, medical benefits, performance & project bonus, paid holidays and time off, etc.)."
140,iOS Developer (Mandarin speaking),StoreHub,Petaling Jaya,,"In the iOS Developer role, you’d be responsible for managing the larger apps in terms of designing, developing and testing the complete applications."
141,Senior Engineer/Engineer Mobile,Carsome,Petaling Jaya,,"This person will own software quality assurance, working directly with backend developers project leads and software testers."
142,"Senior Engineer, QA",Career Channel,Petaling Jaya,,"QA engineer responsibilities include designing and implementing tests, debugging and defining corrective actions."
143,Quality Assurance Lead (Automation),Career Channel,Petaling Jaya,,"Serves as the QA Team Lead, responsible for Test Automation.
Lead approximately 4 QA, negotiate scope, develop estimates, plans, monitoring metrics, and provide…"
144,Engineer/Sr. Engineer - Full Stack,Carsome,Petaling Jaya,,You will cooperate with interdisciplinary teams in projects and experience how technology and team spirit unite to create innovative solutions.
145,Senior Software Engineer (Frontend),iPrice group,Bangsar South,,"Work in a Booming Sector with Exciting Challenges.
Deliver user stories that crafting front end components using HTML5, CSS3, JavaScript 6, AJAX and PHP."
146,Lead Engineering,SCIKEY,Petaling Jaya,,"Full Time/Permanent (hiring on behalf).
Utilize a hands-on and adaptable leadership style with a commitment to accountability and driving results."
